"code","rvb_fond","nom","poly"
"01","0-204-51","Ain","483,314, 486,313, 489,308, 489,305, 491,303, 493,302, 494,298, 495,296, 492,293, 487,299, 484,303, 478,303, 477,301, 474,301, 472,303, 468,304, 467,301, 463,298, 462,296, 460,295, 459,293, 456,291, 451,292, 448,291, 447,296, 445,299, 445,302, 443,309, 443,311, 444,313, 443,322, 446,323, 449,326, 450,329, 457,329, 459,331, 462,331, 465,326, 467,326, 468,329, 475,336, 476,339, 478,339, 482,332, 482,330, 484,321, 484,319"
"02","240-240-255","Aisne","389,160, 394,155, 395,150, 393,147, 393,145, 396,142, 395,135, 400,132, 402,132, 404,130, 406,130, 408,131, 409,127, 408,125, 409,117, 415,112, 415,102, 414,98, 408,98, 406,95, 402,95, 395,94, 393,95, 391,94, 388,96, 384,95, 391,94, 388,96, 384,95, 379,96, 379,99, 377,102, 377,104, 375,105, 375,109, 376,113, 378,115, 378,117, 377,120, 378,124, 377,126, 379,129, 375,136, 373,136, 375,138, 375,140, 377,143, 377,147, 379,149, 379,152, 386,159"
"03","255-125-125","Allier","393,320, 397,320, 400,323, 402,321, 404,321, 405,314, 404,305, 409,299, 409,294, 406,294, 403,292, 401,292, 399,290, 399,287, 398,284, 395,283, 392,285, 390,285, 388,283, 382,283, 380,284, 377,281, 373,278, 370,278, 367,282, 362,282, 359,285, 360,289, 356,293, 349,293, 347,296, 352,302, 355,304, 358,311, 358,314, 361,314, 364,310, 366,310, 368,307, 370,307, 372,312, 375,315, 377,315, 379,317, 387,317, 389,318, 391,317"
"04","51-51-153","Alpes-de-Haute-Provence","491,443, 494,442, 496,444, 499,444, 500,442, 502,442, 505,438, 509,441, 512,441, 512,439, 519,438, 522,437, 523,434, 527,433, 528,431, 530,431, 528,428, 524,425, 524,422, 522,420, 522,415, 525,411, 525,409, 527,407, 530,406, 530,403, 531,401, 528,398, 528,396, 531,394, 531,390, 530,390, 526,394, 521,398, 520,402, 514,403, 512,401, 509,399, 503,404, 501,404, 500,402, 498,402, 492,408, 491,412, 488,413, 488,415, 489,417, 482,418, 482,420, 477,421, 476,425, 478,426, 478,429, 477,431, 479,433, 481,434, 480,438, 482,438, 484,440, 487,442, 489,442"
"05","51-51-204","Hautes-Alpes","478,409, 480,412, 482,413, 482,417, 488,417, 487,413, 490,412, 490,410, 493,405, 498,401, 500,401, 501,403, 503,403, 504,401, 508,398, 515,402, 519,402, 519,400, 520,397, 529,390, 531,388, 535,387, 533,380, 527,379, 525,377, 523,376, 522,370, 520,370, 518,368, 518,365, 517,365, 512,367, 511,369, 506,369, 505,366, 502,367, 501,371, 505,371, 507,376, 507,380, 505,381, 503,380, 498,381, 495,383, 493,383, 492,386, 487,387, 487,390, 485,393, 483,393, 480,394, 479,398, 480,401, 478,403, 475,403, 473,402, 474,405, 472,406, 473,408, 475,408"
"06","51-51-102","Alpes-Maritimes","550,442, 551,440, 553,440, 555,437, 557,436, 556,431, 558,430, 559,427, 562,425, 562,422, 564,420, 562,417, 562,414, 557,417, 554,417, 550,418, 546,417, 539,413, 535,413, 534,410, 532,409, 531,407, 529,407, 526,409, 526,411, 524,413, 523,420, 525,422, 525,425, 531,430, 530,432, 528,432, 527,434, 524,434, 523,440, 525,440, 528,442, 528,445, 529,447, 533,447, 534,450, 539,450, 542,449, 542,445, 547,441"
"07","0-102-51","Ardèche","422,413, 424,413, 427,411, 431,411, 434,410, 438,413, 440,413, 441,407, 443,405, 443,399, 445,396, 445,388, 448,384, 448,381, 449,377, 447,374, 448,371, 446,369, 446,364, 445,362, 446,358, 443,356, 440,357, 439,361, 437,363, 434,363, 432,365, 432,368, 429,370, 429,372, 426,375, 424,378, 422,379, 421,382, 415,383, 413,386, 411,387, 410,395, 411,398, 413,399, 414,404, 417,406, 417,411, 420,411"
"08","0-255-0","Ardennes","446,132, 448,131, 448,126, 447,123, 448,120, 451,118, 454,119, 456,117, 456,114, 451,113, 447,109, 444,107, 440,108, 439,103, 440,101, 439,99, 437,98, 437,95, 439,90, 439,88, 437,88, 433,92, 433,96, 428,98, 426,100, 423,100, 416,99, 416,112, 410,118, 410,124, 409,126, 410,129, 412,129, 416,130, 421,135, 426,137, 431,136, 432,138, 440,138, 445,137"
"09","255-102-102","Ariège","311,508, 313,508, 314,506, 317,506, 322,507, 324,509, 329,510, 334,506, 336,506, 341,505, 340,503, 337,501, 332,501, 329,497, 330,495, 333,494, 333,484, 332,480, 327,478, 325,478, 323,476, 323,474, 319,474, 315,473, 315,475, 313,477, 310,475, 308,478, 306,478, 306,482, 304,484, 302,483, 301,481, 297,481, 295,482, 294,486, 295,488, 293,490, 291,490, 288,493, 289,496, 294,498, 297,498, 299,500, 299,502, 307,502, 310,504"
"10","50-255-50","Aube","405,209, 407,211, 414,211, 418,210, 420,211, 422,209, 429,209, 432,205, 437,206, 437,203, 441,202, 442,197, 441,195, 442,192, 440,190, 434,183, 434,178, 431,178, 428,179, 423,176, 422,170, 419,169, 412,170, 411,172, 409,173, 408,175, 405,177, 405,179, 397,180, 395,178, 394,176, 391,176, 391,178, 388,181, 388,187, 390,187, 395,192, 395,197, 397,199, 399,199, 403,202, 403,204, 405,207"
"11","102-51-0","Aude","371,493, 373,495, 375,495, 375,493, 377,492, 377,487, 378,485, 376,485, 374,483, 374,481, 376,480, 380,481, 383,477, 383,475, 380,475, 378,473, 376,473, 375,471, 369,471, 367,474, 364,474, 362,472, 359,472, 358,470, 356,469, 356,466, 357,464, 348,464, 344,463, 344,465, 337,466, 330,465, 328,464, 327,468, 324,469, 323,473, 324,476, 328,477, 333,480, 333,483, 334,494, 330,497, 333,500, 337,500, 339,502, 342,504, 343,506, 345,506, 346,504, 348,504, 349,497, 351,496, 356,497, 358,496, 365,497, 368,493"
"12","255-153-0","Aveyron","358,442, 362,446, 366,447, 371,446, 372,448, 377,448, 377,442, 384,441, 384,439, 386,437, 388,437, 389,434, 392,431, 392,429, 389,428, 387,426, 387,423, 389,421, 384,420, 382,417, 380,416, 380,412, 379,405, 377,403, 377,399, 374,396, 372,396, 370,393, 370,390, 367,385, 364,383, 364,381, 361,382, 359,385, 359,387, 357,389, 357,392, 355,394, 354,396, 347,396, 345,395, 341,400, 339,400, 335,401, 331,405, 329,405, 329,408, 331,411, 331,413, 330,416, 333,416, 334,418, 332,419, 332,423, 331,425, 336,424, 338,422, 341,422, 342,424, 348,425, 352,429, 354,430, 358,439"
"13","0-0-153","Bouches-du-Rhône","479,472, 480,474, 484,473, 488,469, 485,466, 485,463, 488,462, 485,458, 485,454, 484,450, 488,447, 488,445, 486,445, 483,446, 482,448, 475,448, 470,445, 468,445, 465,444, 462,445, 457,441, 454,437, 452,437, 450,435, 448,435, 446,433, 444,433, 441,437, 441,442, 438,447, 434,447, 433,452, 430,455, 426,458, 424,458, 424,462, 426,462, 427,460, 441,460, 443,462, 446,462, 447,464, 450,465, 450,463, 453,461, 455,461, 457,463, 458,466, 466,466, 468,464, 470,464, 472,467, 472,472"
"14","150-150-255","Calvados","266,155, 271,155, 273,154, 277,155, 278,151, 277,146, 278,144, 276,139, 276,136, 274,135, 274,130, 271,129, 268,130, 264,134, 259,136, 253,136, 251,134, 245,133, 243,132, 241,133, 234,132, 230,129, 225,129, 223,136, 225,137, 229,142, 232,147, 232,151, 230,152, 228,155, 225,155, 225,158, 223,160, 223,162, 229,163, 232,164, 235,163, 237,161, 240,161, 245,159, 248,159, 255,160, 257,162, 262,158, 264,158"
"15","255-175-175","Cantal","367,383, 371,390, 371,393, 372,395, 374,394, 374,392, 376,389, 376,386, 378,385, 378,383, 383,382, 385,379, 388,378, 386,375, 386,370, 384,368, 384,365, 380,361, 378,361, 374,360, 372,358, 371,356, 369,356, 364,355, 361,352, 357,352, 357,354, 355,356, 351,356, 348,359, 344,364, 345,367, 341,374, 342,376, 338,380, 338,383, 340,386, 340,393, 341,396, 343,397, 345,394, 354,395, 356,392, 356,389, 358,387, 358,385, 360,383, 361,381, 364,380, 365,383"
"16","175-255-175","Charente","250,358, 253,361, 262,362, 264,360, 266,357, 266,353, 268,350, 271,348, 273,348, 276,344, 276,341, 280,338, 283,333, 285,331, 287,331, 290,324, 293,323, 293,319, 289,316, 289,314, 285,313, 283,315, 279,315, 278,313, 277,313, 276,316, 274,317, 272,316, 269,317, 268,315, 265,315, 261,314, 259,316, 257,317, 256,321, 254,322, 253,327, 252,330, 249,331, 246,330, 242,331, 241,340, 245,343, 245,345, 247,347, 247,353, 246,358"
"17","150-255-150","Charente-Maritime","210,326, 211,322, 210,318, 208,318, 205,316, 205,320, 207,322, 209,323|204,306, 203,304, 200,304, 207,308, 208,307|254,367, 256,366, 256,363, 252,362, 250,359, 246,359, 245,354, 246,347, 244,345, 244,343, 242,341, 240,340, 240,332, 242,330, 245,330, 248,329, 251,330, 251,328, 253,321, 253,319, 242,313, 240,313, 238,311, 236,311, 233,309, 230,305, 230,302, 221,301, 220,299, 217,299, 214,302, 214,304, 212,307, 215,310, 217,317, 216,323, 213,326, 213,328, 210,329, 210,333, 212,335, 215,336, 219,340, 220,342, 227,348, 229,353, 229,355, 228,357, 233,356, 237,357, 239,359, 239,362, 240,365, 242,365, 246,368, 250,369, 252,368, 254,369"
"18","125-255-255","Cher","343,297, 346,297, 349,292, 356,292, 359,289, 359,287, 358,285, 362,281, 367,281, 374,273, 374,262, 373,257, 371,252, 371,250, 369,248, 367,247, 367,244, 369,241, 368,238, 364,238, 362,239, 358,235, 354,235, 353,233, 351,233, 349,234, 347,232, 344,232, 342,233, 345,236, 346,242, 342,243, 341,249, 338,251, 333,251, 333,253, 329,257, 335,258, 338,260, 338,263, 340,265, 340,267, 339,269, 342,271, 341,273, 339,274, 339,276, 340,280, 342,282, 342,284, 344,286, 344,288, 343,291, 344,295"
"19","255-255-150","Corrèze","330,378, 333,378, 336,377, 337,379, 339,377, 341,376, 340,373, 342,371, 344,366, 343,364, 347,360, 351,355, 355,355, 356,352, 355,348, 356,345, 354,343, 356,340, 356,336, 354,336, 350,337, 348,339, 341,336, 339,336, 336,335, 331,337, 331,339, 328,340, 326,342, 324,342, 321,345, 319,345, 315,346, 314,348, 310,351, 307,351, 305,352, 306,356, 304,357, 304,364, 305,367, 309,368, 311,371, 311,375, 313,375, 320,374, 324,378, 325,380"
"20","200-150-90","Corse","548,507, 552,511, 552,513, 554,513, 556,516, 556,522, 561,523, 563,522, 563,514, 564,510, 567,509, 568,506, 567,504, 568,502, 566,489, 566,487, 565,482, 563,482, 561,477, 561,470, 562,467, 560,460, 559,458, 556,458, 556,460, 557,462, 556,468, 557,473, 555,476, 552,474, 548,474, 546,476, 546,478, 543,480, 540,480, 538,482, 536,482, 536,484, 533,485, 531,487, 531,492, 528,493, 527,496, 532,496, 539,499, 541,501, 548,505,549,543, 555,548, 558,549, 558,545, 560,542, 560,539, 562,537, 562,534, 564,529, 564,526, 563,523, 558,524, 555,522, 555,516, 554,514, 552,514, 551,511, 547,507, 547,505, 544,504, 542,502, 538,499, 536,499, 531,497, 529,497, 530,499, 532,500, 531,502, 528,503, 528,505, 529,508, 533,509, 535,512, 535,514, 533,515, 533,517, 531,518, 531,520, 535,520, 537,519, 538,526, 536,527, 536,530, 538,530, 543,533, 540,537, 540,540, 542,540, 544,542"
"21","50-151-255","Côte-d'Or","459,260, 461,258, 464,256, 466,251, 466,248, 467,246, 466,242, 464,240, 464,238, 462,236, 463,234, 466,232, 466,229, 465,227, 462,229, 457,229, 454,226, 450,226, 448,224, 446,223, 446,216, 444,214, 443,212, 439,209, 438,207, 434,207, 432,206, 430,208, 429,210, 422,210, 421,217, 423,218, 423,223, 421,225, 417,234, 415,236, 416,240, 415,245, 417,246, 417,250, 419,250, 421,252, 421,255, 423,258, 432,263, 435,266, 438,268, 443,267, 448,265, 450,265, 452,264, 455,265, 459,262"
"22","75-75-255","Côtes-d'Armor","176,196, 178,195, 178,193, 182,189, 184,189, 188,188, 188,186, 190,177, 188,175, 186,175, 182,172, 180,171, 179,169, 176,167, 172,168, 170,170, 165,174, 162,174, 158,169, 158,166, 156,165, 154,162, 154,160, 152,159, 152,157, 150,157, 149,154, 146,155, 144,154, 137,157, 135,155, 133,155, 144,154, 137,157, 135,155, 133,155, 132,158, 133,160, 131,161, 131,163, 128,165, 128,168, 130,170, 130,173, 129,180, 130,185, 131,187, 130,189, 134,190, 136,192, 138,192, 142,193, 146,190, 148,190, 152,193, 154,193, 156,195, 158,195, 163,196, 164,199, 167,197, 169,194, 172,194, 173,196"
"23","255-255-125","Creuse","338,334, 342,335, 347,338, 350,336, 353,336, 354,333, 352,331, 353,329, 355,328, 359,321, 359,318, 357,316, 357,310, 353,303, 347,298, 341,298, 336,299, 327,298, 325,300, 315,300, 312,307, 312,310, 316,314, 316,316, 317,320, 318,322, 317,324, 320,325, 321,329, 324,330, 326,329, 328,331, 331,333, 331,336"
"24","102-153-102","Dordogne","295,395, 297,397, 299,397, 301,395, 302,393, 307,390, 307,387, 309,386, 312,382, 312,378, 310,375, 310,371, 309,369, 307,369, 304,367, 304,365, 303,357, 305,356, 305,354, 303,351, 300,350, 299,347, 297,346, 296,343, 292,342, 289,344, 285,341, 285,338, 283,338, 281,337, 277,342, 277,344, 274,347, 273,349, 271,349, 267,353, 267,358, 265,359, 262,363, 258,363, 256,368, 259,368, 260,373, 258,378, 258,383, 263,384, 266,382, 268,382, 269,385, 268,388, 270,389, 271,394, 273,394, 278,393, 281,392, 287,393, 289,392, 290,396"
"25","255-255-50","Doubs","493,279, 494,282, 501,276, 505,273, 505,263, 510,260, 512,260, 514,257, 514,255, 517,252, 519,251, 523,246, 523,244, 525,242, 526,239, 524,239, 522,240, 521,237, 523,235, 523,232, 521,232, 517,231, 513,228, 512,228, 510,231, 508,231, 508,233, 504,234, 499,233, 495,238, 490,241, 488,243, 484,243, 480,246, 478,247, 478,250, 481,253, 481,257, 480,259, 482,261, 486,262, 488,264, 488,267, 491,270, 496,273, 497,275"
"26","1-51-51","Drôme","481,420, 481,413, 477,410, 473,409, 471,407, 473,404, 472,402, 474,401, 478,402, 479,399, 478,395, 480,393, 482,393, 485,392, 482,390, 480,390, 476,386, 473,386, 471,383, 471,381, 472,378, 471,376, 472,373, 463,372, 460,371, 459,369, 460,367, 459,362, 453,357, 448,359, 452,357, 449,359, 447,359, 447,361, 446,363, 447,369, 449,371, 448,374, 450,377, 450,380, 449,384, 447,386, 446,396, 444,399, 444,405, 442,407, 442,412, 445,412, 446,416, 449,416, 454,413, 457,413, 461,417, 466,417, 469,420, 471,420, 472,422, 475,422, 477,420"
"27","204-255-0","Eure","318,149, 321,149, 323,146, 323,143, 326,142, 326,140, 328,139, 328,137, 327,133, 323,132, 321,130, 318,130, 312,129, 309,134, 307,134, 305,135, 304,137, 302,137, 301,139, 299,139, 298,137, 296,136, 296,132, 287,131, 282,127, 281,127, 276,129, 274,128, 275,135, 277,136, 277,140, 279,145, 278,150, 279,154, 277,156, 279,158, 284,158, 287,163, 291,166, 291,170, 293,170, 306,166, 311,166, 312,163, 316,159, 315,157, 317,156, 317,154, 316,151"
"28","0-255-255","Eure-et-Loir","308,211, 312,211, 314,210, 315,208, 321,208, 323,206, 327,206, 331,205, 332,201, 334,199, 334,193, 333,187, 332,185, 330,185, 326,181, 326,178, 321,174, 321,172, 319,161, 316,157, 317,160, 313,163, 313,165, 311,167, 304,167, 297,170, 294,170, 292,171, 292,173, 296,178, 296,186, 293,189, 291,189, 290,194, 291,198, 294,199, 299,204, 303,204, 304,207, 307,209"
"29","25-25-255","Finistère","103,210, 105,209, 105,207, 109,206, 112,207, 113,205, 116,207, 116,209, 117,211, 122,211, 127,213, 129,213, 132,208, 134,206, 131,205, 129,203, 126,203, 124,201, 124,199, 122,197, 122,194, 124,192, 126,192, 129,190, 129,188, 130,186, 128,177, 128,174, 129,170, 127,168, 127,165, 128,163, 125,161, 122,161, 120,164, 115,160, 109,161, 107,163, 105,163, 103,161, 100,162, 98,164, 95,163, 94,165, 89,166, 86,169, 86,178, 89,177, 92,178, 97,176, 98,179, 102,179, 103,181, 101,183, 99,183, 93,182, 93,186, 95,184, 99,185, 102,187, 102,189, 103,192, 93,193, 87,194, 90,196, 92,196, 97,200, 99,205, 99,207, 98,209, 101,209"
"30","255-204-0","Gard","423,452, 421,454, 419,454, 422,459, 424,457, 426,457, 429,454, 432,452, 432,449, 434,446, 438,446, 440,441, 440,437, 443,434, 444,432, 446,431, 446,427, 443,426, 442,420, 440,418, 440,415, 436,412, 432,411, 427,412, 424,414, 422,414, 420,412, 417,412, 416,409, 414,408, 411,409, 411,411, 413,420, 410,424, 407,424, 404,422, 401,422, 399,425, 393,425, 392,423, 389,422, 388,426, 393,429, 393,431, 390,434, 390,436, 393,439, 395,439, 398,440, 401,436, 404,434, 406,434, 408,436, 408,439, 411,438, 415,442, 420,446, 422,447, 422,449"
"31","204-102-102","Haute-Garonne","280,495, 283,494, 286,495, 287,492, 291,489, 293,489, 294,487, 293,484, 295,481, 301,480, 304,483, 305,478, 308,477, 310,474, 313,476, 314,473, 318,472, 322,473, 322,470, 324,468, 326,468, 326,466, 328,463, 334,464, 334,462, 329,459, 327,456, 322,454, 321,452, 322,448, 320,446, 317,442, 316,439, 314,439, 309,440, 309,443, 306,445, 303,445, 301,443, 298,443, 294,444, 301,453, 303,454, 303,456, 297,461, 297,463, 295,465, 294,467, 292,467, 289,465, 287,465, 278,473, 278,475, 274,478, 274,480, 277,483, 277,485, 279,486, 279,491, 276,495, 273,495, 273,502, 277,502, 280,503, 280,501, 279,498"
"32","204-153-51","Gers","269,467, 270,469, 275,468, 278,470, 280,470, 282,468, 283,466, 288,464, 293,466, 296,463, 296,461, 298,458, 302,455, 297,450, 292,444, 290,443, 289,437, 285,436, 284,434, 287,431, 282,429, 280,430, 278,428, 273,428, 272,430, 270,430, 264,431, 262,430, 260,432, 257,432, 258,435, 254,436, 252,434, 247,435, 247,440, 246,445, 244,448, 244,451, 246,451, 251,453, 253,453, 256,457, 259,459, 259,463, 262,466, 266,466"
"33","153-204-153","Gironde","256,405, 255,403, 257,400, 259,400, 261,397, 261,391, 263,389, 267,389, 267,386, 268,383, 266,383, 263,385, 259,385, 257,383, 257,377, 259,372, 259,369, 255,369, 253,370, 251,369, 248,370, 244,367, 240,366, 238,361, 238,359, 231,357, 230,362, 231,367, 232,369, 230,370, 227,363, 227,358, 224,353, 214,343, 212,352, 212,357, 209,376, 209,378, 208,384, 207,388, 209,388, 210,386, 215,390, 214,392, 209,392, 206,399, 206,402, 215,400, 217,401, 217,404, 219,404, 223,405, 230,404, 231,407, 236,411, 238,411, 240,414, 240,418, 243,418, 245,419, 245,416, 248,415, 249,417, 253,417, 254,414, 253,412, 256,409"
"34","204-153-0","Hérault","369,470, 375,470, 376,472, 378,472, 380,474, 383,474, 385,475, 389,471, 396,470, 398,468, 398,464, 401,461, 403,461, 407,462, 410,457, 412,455, 414,455, 415,453, 422,452, 422,450, 421,447, 416,443, 414,443, 411,439, 408,440, 407,436, 404,435, 402,437, 399,439, 398,441, 396,441, 392,440, 390,437, 386,438, 385,441, 378,442, 378,448, 372,449, 371,451, 364,453, 361,452, 360,456, 362,458, 362,461, 359,463, 359,465, 357,466, 357,469, 360,471, 362,471, 364,473, 367,473"
"35","100-100-255","Ille-et-Vilaine","197,219, 199,216, 203,215, 204,213, 208,213, 210,215, 213,215, 213,212, 215,210, 215,208, 218,205, 220,205, 220,202, 218,193, 218,190, 220,188, 220,184, 219,178, 215,177, 213,179, 210,181, 204,176, 204,171, 199,171, 195,170, 194,166, 191,166, 188,169, 183,169, 183,171, 184,173, 188,174, 191,177, 191,180, 190,185, 189,188, 182,190, 179,193, 179,195, 177,196, 177,198, 178,200, 176,203, 176,205, 179,205, 183,208, 183,210, 182,214, 183,216, 181,221, 182,222, 185,220, 188,220"
"36","100-255-255","Indre","327,297, 335,297, 340,298, 342,297, 343,292, 342,289, 343,286, 341,284, 341,282, 339,280, 339,277, 338,274, 341,271, 338,269, 339,265, 337,263, 337,260, 329,259, 328,257, 330,255, 330,253, 326,252, 323,250, 321,250, 318,252, 314,252, 311,255, 313,258, 307,265, 302,264, 300,269, 300,272, 297,279, 292,280, 292,283, 291,285, 297,291, 299,291, 300,294, 304,298, 304,300, 308,300, 310,299, 312,301, 315,299, 325,299"
"37","75-255-255","Indre-et-Loire","288,274, 288,276, 291,279, 296,279, 299,272, 299,268, 300,265, 302,263, 305,263, 307,264, 312,259, 309,252, 306,249, 303,249, 302,246, 303,243, 300,233, 297,230, 294,230, 292,227, 290,227, 283,225, 282,227, 279,227, 277,229, 275,230, 274,232, 271,230, 268,230, 266,231, 268,234, 265,244, 262,247, 262,253, 261,257, 263,257, 264,260, 268,261, 269,267, 276,268, 281,267, 283,266, 285,271"
"38","51-102-102","Isère","483,389, 487,386, 491,386, 492,383, 499,380, 502,380, 504,379, 506,380, 506,375, 505,372, 501,372, 500,369, 502,364, 500,364, 497,360, 497,357, 499,355, 499,351, 496,348, 492,348, 491,346, 489,347, 487,350, 485,350, 482,349, 480,344, 475,339, 474,336, 467,329, 467,327, 465,327, 464,330, 462,332, 459,332, 457,331, 457,333, 458,336, 455,339, 454,341, 449,342, 447,344, 447,347, 444,350, 444,354, 445,357, 449,357, 451,355, 453,355, 457,358, 459,359, 461,362, 461,366, 462,369, 471,370, 474,373, 474,375, 473,377, 474,381, 473,383, 476,384, 478,386"
"39","255-255-75","Jura","477,300, 478,302, 484,302, 486,300, 490,295, 492,292, 492,290, 494,287, 493,281, 492,279, 496,275, 495,273, 492,271, 490,271, 487,267, 487,264, 482,262, 479,259, 480,253, 477,250, 476,248, 473,249, 467,248, 467,252, 464,257, 462,259, 460,260, 460,262, 459,265, 466,270, 463,274, 466,281, 466,284, 464,286, 464,288, 466,290, 466,292, 462,293, 462,295, 464,297, 466,300, 468,301, 468,303, 470,303, 474,300"
"40","153-255-153","Landes","246,435, 250,434, 252,433, 254,435, 257,435, 256,432, 260,425, 257,424, 255,422, 251,422, 250,418, 247,416, 246,419, 244,420, 240,419, 239,414, 238,412, 236,412, 233,409, 230,407, 230,405, 224,405, 220,406, 217,405, 216,401, 212,401, 208,402, 206,403, 206,405, 203,421, 200,431, 200,433, 197,443, 197,445, 194,452, 197,455, 203,455, 205,453, 207,453, 209,455, 212,455, 219,453, 221,453, 223,452, 232,454, 239,453, 241,454, 243,452, 243,448, 245,445, 245,441"
"41","50-255-255","Loir-et-Cher","340,244, 342,242, 345,242, 345,238, 343,235, 341,234, 342,232, 344,231, 344,228, 336,228, 334,229, 331,228, 327,229, 326,226, 324,224, 321,224, 319,222, 318,219, 320,218, 320,215, 318,213, 318,209, 315,209, 314,211, 308,212, 306,210, 305,208, 303,207, 303,205, 299,205, 295,201, 293,201, 291,204, 291,206, 292,208, 291,213, 289,215, 289,218, 286,221, 283,223, 286,225, 289,225, 292,226, 295,229, 297,229, 301,233, 301,235, 303,240, 303,242, 304,245, 303,248, 306,248, 311,253, 314,251, 318,251, 321,249, 323,249, 326,251, 329,251, 331,253, 333,250, 338,250, 340,249"
"42","0-153-51","Loire","443,352, 442,350, 440,350, 438,348, 438,346, 435,344, 432,344, 427,339, 427,335, 426,332, 427,328, 425,326, 425,324, 424,320, 422,318, 424,315, 424,313, 427,311, 425,310, 421,311, 414,310, 411,311, 410,309, 408,309, 405,306, 405,313, 406,320, 404,322, 402,322, 403,329, 402,331, 405,335, 405,338, 412,344, 412,346, 413,350, 410,353, 412,353, 416,354, 418,352, 422,352, 426,353, 428,355, 428,358, 430,358, 434,362, 437,362, 439,357, 442,356"
"43","255-200-200","Haute-Loire","399,384, 403,385, 408,390, 410,388, 412,385, 414,384, 415,382, 420,382, 421,379, 423,377, 425,376, 425,374, 428,372, 428,370, 431,367, 431,365, 432,361, 430,359, 428,359, 427,355, 420,353, 418,353, 416,355, 413,355, 408,354, 403,356, 401,355, 398,356, 397,354, 384,354, 381,357, 378,357, 378,360, 380,360, 383,362, 385,365, 385,368, 387,370, 387,375, 389,377, 390,381, 393,385, 397,385"
"44","255-0-0","Loire-Atlantique","173,260, 174,258, 173,258|201,261, 203,260, 204,265, 207,265, 207,263, 209,260, 211,260, 213,259, 215,260, 215,258, 213,258, 212,254, 215,253, 215,250, 213,250, 211,248, 211,246, 210,244, 212,242, 216,242, 224,241, 223,237, 218,236, 216,234, 216,231, 219,230, 216,227, 216,224, 213,221, 213,216, 210,216, 208,214, 204,214, 203,216, 201,216, 198,218, 197,220, 189,220, 185,221, 180,224, 180,228, 178,230, 173,230, 169,234, 167,235, 166,243, 171,243, 173,246, 176,245, 178,242, 182,242, 183,244, 179,245, 178,247, 179,249, 176,252, 180,253, 183,255, 184,259, 190,265, 192,265, 194,268, 198,268, 201,269, 202,265"
"45","25-255-255","Loiret","353,232, 354,234, 358,234, 362,238, 367,237, 367,234, 369,232, 369,228, 368,226, 366,225, 366,222, 370,221, 372,220, 372,214, 376,210, 375,207, 373,205, 373,203, 371,201, 363,201, 361,203, 355,202, 353,200, 353,196, 350,194, 350,192, 345,192, 342,191, 340,193, 337,193, 335,194, 335,199, 333,201, 333,204, 331,206, 328,206, 323,207, 321,209, 319,209, 319,213, 321,215, 321,218, 319,219, 320,222, 324,223, 327,226, 327,228, 330,228, 333,227, 335,228, 344,227, 345,231, 347,231, 349,233"
"46","204-102-0","Lot","328,413, 330,413, 330,411, 328,408, 328,405, 331,404, 335,400, 338,400, 341,399, 341,397, 339,392, 339,386, 337,383, 337,380, 336,378, 334,378, 329,379, 326,381, 323,379, 320,375, 314,375, 312,376, 313,382, 308,388, 308,390, 306,392, 300,397, 298,400, 296,401, 296,405, 298,407, 298,410, 299,413, 302,416, 305,417, 306,419, 311,419, 314,417, 317,419, 324,415, 326,415"
"47","204-255-204","Lot-et-Garonne","280,429, 284,426, 285,424, 290,423, 290,420, 292,415, 290,413, 291,411, 293,411, 297,410, 297,407, 295,405, 295,401, 298,398, 295,396, 292,396, 290,397, 289,393, 282,394, 279,393, 274,394, 271,395, 270,391, 269,389, 263,390, 262,398, 260,399, 259,401, 257,401, 256,404, 257,410, 254,412, 255,416, 253,418, 251,419, 251,421, 255,421, 257,423, 260,423, 261,425, 258,430, 260,431, 262,429, 269,430, 272,429, 273,427, 278,427"
"48","153-102-0","Lozère","407,423, 410,423, 412,420, 412,417, 411,412, 410,409, 415,407, 416,406, 413,404, 413,401, 412,399, 410,398, 410,396, 409,392, 403,386, 400,386, 398,385, 392,386, 389,381, 389,379, 387,379, 384,381, 383,383, 379,383, 379,385, 377,386, 377,389, 375,392, 375,396, 378,399, 378,403, 380,405, 380,411, 381,416, 385,419, 389,419, 391,422, 394,424, 399,424, 401,421, 404,421"
"49","255-100-100","Maine-et-Loire","244,259, 249,257, 252,259, 255,259, 258,258, 258,255, 261,253, 261,247, 264,244, 265,239, 267,234, 263,230, 258,227, 254,228, 253,225, 248,224, 247,221, 244,221, 241,220, 238,222, 234,222, 231,220, 228,220, 225,219, 221,220, 214,219, 214,221, 217,224, 217,227, 220,229, 219,231, 217,231, 217,234, 222,235, 224,237, 224,239, 225,241, 217,242, 212,243, 211,245, 212,248, 215,249, 216,253, 213,254, 213,257, 215,257, 216,261, 231,263, 235,263, 238,261, 239,259"
"50","125-125-255","Manche","224,164, 222,162, 222,160, 224,158, 224,155, 228,154, 231,150, 231,147, 226,140, 222,136, 222,134, 223,131, 221,130, 221,127, 219,125, 217,122, 217,118, 219,117, 219,114, 218,112, 213,111, 209,114, 205,114, 202,112, 200,112, 195,109, 194,109, 198,114, 198,117, 196,119, 198,124, 198,128, 201,130, 205,139, 205,149, 206,156, 205,164, 207,166, 207,168, 204,169, 205,176, 209,180, 216,176, 222,176, 231,178, 235,174, 234,171, 235,169, 233,168, 232,165, 230,165"
"51","25-255-25","Marne","423,175, 428,178, 430,178, 434,177, 438,178, 437,175, 440,173, 443,169, 446,170, 446,166, 442,162, 442,157, 446,154, 446,150, 445,146, 443,143, 443,141, 444,139, 441,138, 432,139, 431,137, 427,137, 425,138, 420,135, 416,131, 413,131, 410,130, 408,132, 404,131, 402,133, 400,133, 396,136, 396,140, 397,143, 394,145, 394,147, 396,150, 396,153, 390,160, 390,162, 388,164, 388,167, 390,169, 389,172, 391,172, 396,177, 397,179, 404,179, 404,177, 412,169, 418,169, 421,168, 423,170"
"52","75-255-75","Haute-Marne","472,223, 472,221, 473,219, 472,217, 476,213, 479,211, 479,208, 476,206, 476,204, 472,201, 472,197, 474,196, 472,193, 470,192, 469,190, 465,187, 463,187, 462,182, 461,180, 458,178, 455,178, 452,175, 449,174, 448,172, 446,172, 443,170, 441,172, 438,176, 439,178, 435,179, 435,183, 441,189, 443,192, 443,194, 442,196, 443,201, 441,203, 438,203, 438,206, 440,208, 442,211, 445,213, 447,216, 447,223, 450,225, 454,225, 457,228, 462,228, 463,225, 468,223"
"53","255-75-75","Mayenne","224,219, 227,218, 231,219, 234,221, 238,221, 241,219, 243,219, 246,220, 246,217, 247,213, 250,211, 250,206, 253,205, 253,199, 256,197, 256,190, 259,187, 259,182, 257,182, 255,180, 255,177, 252,176, 251,178, 249,178, 246,179, 244,178, 241,180, 234,180, 232,181, 230,179, 228,179, 220,178, 220,183, 221,188, 219,190, 219,196, 221,205, 218,206, 216,208, 216,210, 214,212, 214,217, 220,218"
"54","102-0-102","Meurthe-et-Moselle","508,179, 509,181, 512,181, 514,182, 517,181, 523,175, 521,172, 514,169, 512,169, 509,168, 507,166, 504,164, 502,164, 498,163, 494,159, 494,155, 492,155, 488,154, 484,151, 483,149, 480,147, 482,144, 482,140, 483,137, 479,130, 479,125, 480,123, 477,123, 473,120, 468,121, 463,123, 462,127, 469,128, 471,130, 472,139, 473,144, 476,146, 476,153, 474,156, 474,159, 475,163, 473,165, 473,167, 474,173, 473,176, 476,178, 480,178, 481,183, 484,186, 486,186, 489,185, 490,183, 493,183, 496,182, 499,183, 504,181, 506,179"
"55","153-0-153","Meuse","465,185, 465,183, 469,182, 471,180, 474,180, 474,177, 472,176, 472,174, 473,168, 472,165, 474,163, 474,160, 473,156, 475,153, 475,146, 472,144, 472,140, 471,132, 469,129, 464,129, 461,127, 461,120, 460,117, 459,117, 458,119, 454,122, 449,121, 448,125, 449,131, 447,132, 447,136, 445,138, 445,140, 444,143, 446,146, 446,149, 447,155, 443,158, 443,162, 447,166, 447,171, 454,176, 458,177, 460,179, 462,180, 463,186"
"56","50-50-255","Morbihan","144,241, 140,237, 138,237, 138,240, 141,240|173,229, 178,229, 180,220, 182,215, 181,211, 182,208, 179,206, 176,206, 175,203, 177,200, 176,197, 173,197, 172,195, 169,195, 165,200, 163,199, 163,197, 159,197, 156,196, 154,194, 151,194, 150,192, 146,191, 144,193, 139,194, 136,193, 134,191, 132,191, 130,190, 128,192, 124,193, 123,197, 125,199, 125,201, 129,202, 131,204, 134,204, 135,206, 131,211, 130,216, 135,217, 144,225, 148,225, 150,226, 154,223, 156,223, 158,225, 158,227, 154,228, 154,230, 156,231, 160,230, 162,229, 164,230, 166,229, 169,231, 171,231"
"57","204-0-204","Moselle","519,155, 518,151, 520,150, 520,147, 522,146, 523,148, 527,148, 529,150, 533,150, 535,149, 539,150, 541,143, 535,138, 532,138, 531,140, 524,141, 520,140, 518,137, 514,137, 512,140, 509,140, 507,138, 505,133, 502,131, 503,128, 498,124, 494,124, 492,122, 487,122, 485,124, 480,125, 480,131, 482,133, 484,138, 483,145, 481,146, 482,148, 485,150, 486,152, 491,153, 494,154, 495,159, 498,162, 501,162, 504,163, 506,165, 509,167, 511,167, 522,172, 525,175, 529,171, 529,169, 530,166, 529,163, 530,160, 528,157, 522,156"
"58","100-151-255","Nièvre","414,273, 415,271, 413,269, 414,266, 413,264, 414,259, 417,256, 420,255, 420,252, 417,251, 416,246, 411,246, 410,244, 405,244, 401,243, 398,240, 396,240, 395,237, 392,236, 385,238, 382,238, 377,233, 373,234, 369,233, 368,237, 370,240, 368,245, 368,247, 372,250, 372,253, 374,258, 374,261, 375,274, 373,275, 373,277, 376,280, 380,283, 388,282, 390,284, 392,284, 395,282, 396,280, 399,280, 403,279, 404,281, 406,281, 413,277"
"59","153-153-51","Nord","413,89, 413,85, 415,83, 414,81, 411,80, 409,78, 406,78, 404,79, 399,78, 398,80, 396,79, 395,76, 396,73, 393,70, 391,70, 390,68, 387,70, 383,69, 382,65, 380,62, 381,59, 378,57, 378,55, 376,54, 372,55, 370,56, 369,58, 366,58, 363,55, 361,52, 359,52, 358,44, 356,42, 356,39, 353,38, 347,39, 342,41, 341,43, 344,48, 344,51, 347,54, 350,54, 351,60, 354,62, 356,62, 364,63, 366,65, 367,68, 371,69, 374,71, 375,75, 374,78, 375,82, 378,83, 379,88, 376,95, 383,95, 386,94, 388,95, 391,93, 394,94, 401,93, 406,94, 409,97, 413,97, 413,95, 416,93, 415,90"
"60","225-225-255","Oise","372,137, 373,135, 375,135, 376,131, 378,130, 376,125, 377,121, 376,118, 377,115, 371,115, 369,117, 365,117, 365,119, 360,121, 358,121, 356,119, 354,119, 351,117, 349,117, 346,115, 342,115, 339,116, 336,114, 332,114, 330,112, 327,112, 327,115, 326,121, 327,124, 329,125, 327,128, 327,132, 329,139, 327,140, 327,142, 333,143, 338,141, 341,143, 345,143, 348,145, 350,145, 354,146, 356,148, 359,147, 361,149, 363,149, 371,148, 376,146, 376,143, 374,140, 374,138"
"61","175-175-255","Orne","259,181, 260,184, 264,184, 266,181, 268,181, 272,180, 275,182, 276,189, 279,190, 282,193, 286,193, 289,196, 290,195, 289,190, 291,188, 293,188, 295,186, 295,178, 292,175, 290,170, 290,166, 288,164, 285,162, 284,159, 279,159, 275,156, 272,155, 266,156, 264,159, 262,159, 258,163, 255,161, 249,161, 244,160, 239,162, 237,162, 235,164, 233,164, 233,166, 234,168, 236,169, 235,172, 236,174, 234,177, 232,178, 232,180, 241,179, 244,177, 248,178, 251,177, 252,175, 254,175, 256,177, 256,180"
"62","102-102-51","Pas-de-Calais","361,89, 368,94, 371,94, 376,93, 378,86, 378,84, 375,83, 373,76, 374,73, 373,71, 369,70, 366,68, 365,65, 357,64, 352,62, 350,60, 350,55, 346,55, 343,51, 343,48, 340,43, 334,42, 332,44, 330,44, 324,49, 322,49, 323,56, 322,73, 321,77, 326,77, 329,76, 331,78, 334,78, 335,81, 338,82, 339,85, 344,85, 347,83, 350,83, 354,86, 353,89, 356,89, 359,91"
"63","255-150-150","Puy-de-Dôme","397,353, 398,355, 400,355, 402,354, 404,355, 407,354, 410,351, 412,350, 412,347, 411,344, 407,340, 404,338, 404,335, 402,333, 401,330, 402,324, 399,324, 397,321, 393,321, 390,318, 388,319, 379,318, 377,316, 375,316, 371,312, 370,308, 368,308, 366,311, 364,311, 362,313, 361,315, 358,315, 360,318, 360,322, 358,324, 355,329, 353,330, 357,337, 357,340, 355,342, 357,345, 357,347, 356,350, 362,351, 364,354, 368,354, 371,355, 373,357, 374,359, 376,359, 378,356, 381,356, 384,353"
"64","102-255-102","Pyrénées-Atlantiques","198,481, 199,479, 203,480, 206,482, 208,482, 210,484, 212,484, 213,486, 222,486, 223,490, 230,496, 237,495, 239,493, 239,490, 240,486, 243,483, 245,482, 245,479, 247,478, 251,473, 252,470, 251,468, 254,467, 253,461, 251,458, 251,456, 248,453, 244,452, 241,455, 233,454, 229,455, 224,454, 222,453, 209,456, 207,454, 205,454, 203,456, 197,456, 195,454, 192,455, 190,457, 186,462, 182,462, 183,465, 187,465, 188,468, 190,468, 191,466, 194,468, 196,468, 198,470, 198,472, 194,479, 196,481"
"65","153-102-51","Hautes-Pyrénées","265,503, 267,501, 270,503, 272,503, 272,495, 276,494, 278,491, 278,486, 276,485, 276,483, 273,480, 273,478, 277,474, 278,471, 275,469, 272,469, 270,470, 269,468, 267,468, 261,467, 258,463, 258,459, 252,454, 251,454, 252,458, 254,461, 254,465, 255,467, 252,468, 253,471, 250,476, 248,477, 246,480, 246,482, 244,484, 241,486, 241,489, 240,493, 239,495, 243,495, 246,496, 251,502, 255,502, 259,501, 261,500"
"66","51-51-0","Pyrénées-Orientales","338,522, 340,519, 343,519, 347,518, 350,520, 352,520, 355,523, 357,523, 359,522, 362,523, 362,520, 367,519, 370,516, 377,516, 379,518, 382,518, 382,516, 381,514, 378,513, 377,497, 373,496, 371,494, 368,494, 365,498, 359,498, 357,497, 352,498, 350,497, 350,503, 348,505, 346,505, 345,507, 343,507, 337,506, 334,507, 333,509, 328,511, 326,511, 324,512, 324,514, 328,515, 330,517, 332,517, 334,522"
"67","204-204-51","Bas-Rhin","532,186, 536,190, 538,190, 540,192, 540,194, 544,195, 544,193, 547,188, 547,185, 548,178, 550,173, 550,168, 555,162, 555,160, 557,159, 558,157, 560,156, 560,152, 563,148, 560,147, 558,145, 556,145, 542,144, 541,149, 539,151, 536,151, 534,150, 529,151, 527,149, 523,149, 522,147, 521,150, 519,151, 519,154, 521,154, 526,155, 530,158, 531,162, 530,165, 531,168, 530,171, 526,175, 525,184, 527,184, 530,186"
"68","153-153-0","Haut-Rhin","544,229, 544,227, 545,223, 542,220, 543,209, 545,204, 545,202, 543,200, 543,196, 540,195, 539,192, 536,191, 532,187, 528,187, 525,194, 525,198, 523,200, 523,202, 520,205, 520,209, 518,216, 521,217, 528,230, 528,233, 530,233, 539,234"
"69","0-255-51","Rhône","446,344, 449,341, 452,341, 454,340, 457,336, 457,334, 456,330, 450,330, 447,325, 444,324, 442,322, 442,314, 443,312, 442,310, 440,310, 438,308, 438,306, 431,305, 428,304, 428,307, 427,309, 428,311, 425,314, 423,317, 425,320, 425,323, 426,326, 428,328, 428,331, 427,334, 428,339, 432,343, 435,343, 439,346, 439,348, 444,349, 446,347"
"70","255-255-0","Haute-Saône","488,242, 491,239, 496,236, 499,232, 503,232, 507,233, 507,231, 510,230, 512,227, 514,227, 515,222, 514,217, 515,215, 511,212, 508,211, 507,209, 505,211, 501,211, 499,208, 492,210, 489,208, 489,206, 486,206, 486,208, 483,210, 480,210, 477,214, 473,217, 474,220, 473,223, 467,224, 464,225, 466,227, 467,232, 463,236, 465,238, 465,240, 467,242, 467,245, 468,247, 472,247, 474,248, 477,247, 479,245, 484,242"
"71","150-151-255","Saône-et-Loire","437,304, 439,306, 439,308, 442,309, 442,307, 447,291, 450,290, 454,291, 457,290, 458,292, 461,293, 465,292, 465,290, 463,288, 463,286, 465,284, 465,281, 462,274, 463,272, 465,271, 464,269, 462,269, 460,266, 456,265, 453,266, 451,265, 438,269, 436,267, 429,262, 426,261, 424,259, 420,256, 419,256, 415,259, 415,263, 414,265, 415,267, 414,269, 416,271, 415,277, 412,278, 410,280, 405,282, 402,280, 400,280, 397,281, 399,284, 399,286, 400,290, 407,293, 409,293, 410,299, 406,303, 406,305, 408,308, 410,308, 411,310, 413,310, 420,309, 424,310, 426,309, 427,304, 430,303"
"72","255-25-25","Sarthe","271,229, 273,231, 276,228, 279,226, 282,226, 282,223, 285,220, 288,218, 288,215, 290,213, 290,209, 291,207, 290,204, 292,201, 290,198, 287,196, 286,194, 281,194, 279,191, 276,190, 275,184, 274,182, 269,181, 266,182, 264,185, 260,186, 257,190, 257,197, 254,200, 254,205, 251,206, 251,211, 248,214, 248,216, 247,220, 248,223, 252,223, 254,225, 254,227, 256,227, 258,226, 261,227, 262,229, 267,230"
"73","51-153-153","Savoie","500,355, 498,357, 498,360, 501,363, 506,366, 506,368, 511,368, 512,366, 525,362, 527,362, 530,360, 531,358, 534,358, 536,356, 536,351, 538,348, 534,344, 531,343, 529,334, 527,334, 521,329, 518,329, 514,328, 512,326, 512,322, 510,322, 508,324, 508,327, 505,330, 505,332, 502,335, 499,333, 498,331, 496,331, 492,332, 490,330, 489,328, 485,325, 483,332, 483,334, 481,335, 480,338, 478,340, 481,344, 482,348, 484,348, 487,349, 490,345, 493,347, 496,347, 500,351"
"74","0-204-204","Haute-Savoie","504,330, 507,327, 507,324, 510,321, 512,321, 513,326, 520,328, 522,327, 522,325, 525,323, 527,323, 529,321, 530,316, 526,312, 524,311, 524,308, 521,308, 520,306, 522,299, 519,296, 520,293, 508,293, 506,296, 501,296, 500,302, 501,304, 495,309, 489,309, 489,311, 487,312, 486,314, 484,314, 484,318, 485,323, 487,325, 488,327, 491,329, 492,331, 495,331, 498,330, 500,332, 501,334, 504,332"
"75","199-255-175","Paris","350,164, 351,161, 348,160, 346,161, 346,163|503,55, 507,52, 509,52, 512,54, 515,54, 516,50, 512,49, 510,46, 510,43, 507,39, 507,36, 495,36, 493,38, 489,41, 487,41, 484,42, 482,44, 482,47, 485,48, 487,51, 490,51, 497,55"
"76","204-204-0","Seine-Maritime","300,138, 302,136, 304,136, 305,134, 309,133, 310,130, 312,128, 317,128, 321,129, 323,131, 326,131, 326,128, 328,126, 326,124, 326,122, 325,116, 326,112, 327,110, 325,103, 323,101, 318,97, 315,95, 313,95, 307,100, 302,102, 299,102, 292,105, 286,105, 282,108, 279,109, 277,111, 273,112, 270,114, 270,117, 267,122, 267,124, 270,124, 273,126, 275,126, 276,128, 283,126, 285,129, 294,130, 297,132, 297,136"
"77","199-255-75","Seine-et-Marne","371,198, 373,196, 373,190, 376,188, 385,188, 387,187, 387,181, 390,178, 390,176, 392,175, 391,173, 389,173, 388,171, 389,169, 387,167, 387,164, 388,161, 378,152, 378,149, 376,147, 375,147, 370,149, 364,149, 361,150, 359,148, 357,153, 359,158, 359,160, 358,162, 359,169, 357,172, 357,178, 356,188, 353,190, 351,193, 352,195, 354,196, 354,200, 359,201, 361,202, 363,200, 371,200"
"78","199-255-25","Yvelines","337,178, 337,172, 340,170, 341,168, 343,168, 343,166, 341,164, 341,161, 342,155, 337,154, 332,152, 330,150, 326,151, 318,150, 317,153, 318,158, 320,161, 320,165, 321,171, 322,174, 324,175, 325,177, 327,178, 327,181, 330,184, 332,182, 334,182"
"79","100-255-100","Deux-Sèvres","254,319, 254,321, 257,316, 261,313, 264,313, 266,314, 266,311, 263,309, 265,304, 265,301, 263,300, 261,301, 258,297, 258,294, 257,292, 259,290, 259,288, 260,285, 258,283, 258,281, 259,278, 258,273, 259,267, 258,264, 253,260, 250,258, 248,258, 243,260, 239,260, 237,263, 228,264, 229,270, 232,272, 232,275, 234,278, 234,280, 236,287, 236,289, 235,294, 237,296, 237,298, 233,301, 231,301, 231,305, 236,310, 238,310, 240,312, 242,312, 245,314, 247,314, 249,316, 251,316, 252,318"
"80","200-200-255","Somme","375,114, 375,110, 374,105, 376,104, 376,102, 378,99, 378,97, 374,94, 372,94, 367,95, 366,93, 364,93, 362,90, 360,92, 355,90, 353,90, 352,88, 353,86, 350,84, 347,84, 344,86, 339,86, 338,83, 335,82, 334,79, 331,79, 329,77, 327,77, 321,78, 321,80, 320,83, 321,85, 319,86, 318,90, 315,94, 317,96, 326,103, 326,105, 327,109, 332,113, 336,113, 339,115, 341,115, 346,114, 349,116, 351,116, 354,118, 356,118, 358,120, 361,120, 364,119, 364,117, 369,116, 371,114"
"81","153-102-102","Tarn","343,463, 347,462, 358,463, 361,460, 361,458, 359,456, 359,453, 361,451, 363,451, 366,452, 371,450, 371,447, 367,447, 364,448, 361,447, 357,442, 357,439, 353,430, 351,430, 348,426, 344,426, 340,423, 338,423, 336,425, 333,425, 331,426, 329,425, 327,428, 322,427, 324,429, 324,431, 321,433, 320,435, 318,435, 318,437, 317,440, 321,445, 323,448, 323,451, 322,453, 327,455, 332,460, 335,462, 337,465, 343,465"
"82","153-51-0","Tarn-et-Garonne","320,434, 323,430, 321,428, 322,426, 325,426, 327,427, 329,424, 331,423, 331,419, 333,418, 330,417, 329,414, 326,416, 323,416, 321,418, 318,420, 316,420, 315,418, 310,420, 306,420, 305,418, 302,417, 298,413, 298,411, 294,411, 291,412, 293,415, 291,422, 290,424, 287,424, 285,425, 285,427, 284,429, 287,429, 288,431, 285,434, 290,437, 290,441, 291,443, 297,443, 301,442, 303,444, 306,444, 308,443, 308,440, 313,439, 317,436, 318,434"
"83","0-0-204","Var","490,478, 491,480, 495,479, 496,477, 498,477, 504,478, 506,476, 510,476, 512,477, 512,475, 521,471, 524,471, 524,469, 525,467, 522,468, 521,466, 526,461, 526,459, 531,458, 534,456, 534,451, 533,448, 529,448, 527,445, 527,442, 523,441, 521,438, 513,439, 513,441, 509,442, 506,439, 504,440, 502,443, 500,443, 499,445, 496,445, 494,443, 492,443, 490,444, 487,443, 489,445, 489,448, 485,451, 485,453, 486,458, 489,461, 488,463, 486,463, 486,466, 489,469, 488,471, 485,473, 485,475, 488,476"
"84","0-0-102","Vaucluse","482,439, 480,439, 479,436, 480,434, 476,431, 477,426, 475,425, 475,423, 472,423, 471,421, 469,421, 466,418, 461,418, 457,414, 454,414, 449,417, 446,417, 445,413, 441,413, 441,418, 443,420, 443,425, 445,425, 447,427, 447,433, 450,434, 452,436, 454,436, 458,440, 460,443, 464,444, 467,443, 476,447, 482,447, 483,445, 485,445, 485,441|454,408, 452,407, 451,411, 453,411"
"85","255-50-50","Vendée","170,275, 169,275|234,294, 234,290, 235,285, 233,278, 231,275, 231,272, 228,270, 228,266, 227,264, 225,264, 217,263, 213,260, 209,261, 208,265, 204,266, 203,261, 202,264, 203,268, 201,270, 199,270, 194,269, 191,266, 186,263, 184,260, 182,260, 182,262, 178,266, 178,269, 179,271, 183,274, 187,279, 189,284, 189,286, 194,291, 197,293, 200,293, 202,295, 202,297, 206,297, 209,300, 212,301, 215,300, 217,298, 220,298, 221,300, 228,300, 230,301, 233,300, 236,297"
"86","125-255-125","Vienne","283,314, 285,312, 287,312, 289,313, 290,310, 289,308, 293,304, 296,304, 297,301, 301,300, 303,299, 299,294, 299,292, 297,292, 290,285, 291,280, 287,276, 287,274, 284,271, 283,267, 272,269, 270,269, 268,267, 268,262, 265,262, 263,260, 263,258, 261,258, 260,256, 259,256, 259,258, 256,259, 255,261, 259,264, 259,266, 260,272, 259,277, 260,280, 259,283, 261,285, 261,287, 260,290, 258,292, 259,297, 262,300, 264,299, 266,301, 266,305, 264,308, 265,310, 267,311, 267,314, 270,316, 273,315, 275,316, 275,314, 277,312, 280,314"
"87","255-255-100","Haute-Vienne","315,345, 318,345, 321,344, 324,341, 326,341, 328,339, 330,339, 330,333, 326,330, 323,331, 320,329, 320,326, 318,326, 316,324, 317,321, 315,314, 311,310, 311,307, 313,302, 310,300, 304,301, 302,300, 298,301, 297,304, 293,305, 290,308, 291,312, 290,316, 294,319, 294,323, 290,326, 288,331, 285,332, 283,335, 283,337, 285,337, 286,341, 288,343, 293,341, 296,342, 300,347, 300,349, 305,351, 310,350"
"88","255-0-255","Vosges","475,203, 477,204, 477,206, 481,209, 483,209, 485,208, 485,206, 489,205, 490,208, 494,209, 499,207, 502,210, 505,210, 506,208, 510,211, 513,212, 514,214, 517,215, 519,206, 522,202, 522,200, 524,198, 524,194, 527,187, 527,185, 525,185, 524,176, 523,176, 517,182, 515,182, 513,183, 509,182, 508,180, 506,180, 504,182, 497,184, 494,183, 490,184, 489,186, 487,186, 484,187, 480,183, 480,179, 477,179, 474,181, 471,181, 469,183, 466,183, 466,186, 468,189, 475,195, 473,198, 473,201"
"89","0-151-255","Yonne","401,242, 404,242, 410,243, 411,245, 414,245, 414,241, 415,238, 414,236, 417,233, 417,231, 422,222, 422,218, 420,217, 420,212, 415,211, 407,212, 404,209, 404,207, 402,204, 402,202, 399,200, 397,200, 394,197, 394,192, 390,188, 386,188, 376,189, 374,190, 374,196, 372,198, 372,201, 374,203, 374,205, 376,207, 377,210, 373,214, 373,220, 370,222, 367,222, 367,225, 369,226, 370,231, 373,233, 375,233, 378,232, 382,237, 387,237, 394,235, 396,237, 396,239, 398,239"
"90","255-255-25","Territoire de Belfort","527,231, 527,229, 525,227, 521,218, 519,218, 516,216, 515,221, 516,226, 515,229, 524,231"
"91","199-255-50","Essonne","340,192, 342,190, 344,190, 352,191, 355,187, 355,179, 356,171, 350,171, 345,169, 344,168, 341,169, 338,173, 338,179, 335,181, 333,184, 333,186, 334,192, 336,193"
"92","199-255-100","Hauts-de-Seine","345,163, 345,161, 347,160, 347,154, 344,154, 343,160, 342,164, 347,169, 348,165|495,60, 495,55, 490,52, 487,52, 483,48, 481,47, 481,44, 484,41, 486,41, 489,40, 492,37, 495,35, 495,33, 498,30, 498,27, 494,26, 492,25, 485,29, 475,39, 492,25, 485,29, 479,35, 474,39, 473,48, 472,54, 475,54, 477,56, 477,58, 479,58, 483,62, 484,65, 489,66, 491,68, 491,71, 494,71, 495,66, 497,64, 497,62"
"93","199-255-125","Seine-Saint-Denis","350,159, 352,161, 357,161, 358,157, 357,154, 356,154, 354,156, 348,156, 348,159|519,45, 522,46, 525,49, 529,52, 530,55, 534,56, 535,52, 532,50, 532,45, 530,43, 530,39, 533,36, 533,31, 535,30, 535,28, 531,23, 530,19, 531,15, 527,14, 524,19, 520,23, 518,23, 517,25, 507,25, 504,22, 502,22, 498,25, 493,24, 498,26, 499,30, 496,33, 496,35, 507,35, 508,39, 510,41, 511,46, 514,47"
"94","199-255-150","Val-de-Marne","357,170, 358,163, 352,162, 349,166, 349,169|517,74, 524,73, 525,78, 527,80, 531,81, 531,78, 533,73, 533,71, 535,69, 535,66, 533,64, 533,62, 534,57, 532,57, 529,55, 528,52, 526,50, 522,47, 518,46, 515,47, 517,50, 517,53, 515,55, 512,55, 509,53, 507,53, 505,55, 496,56, 496,60, 498,62, 498,64, 496,66, 496,69, 498,69, 503,70, 504,75, 507,75"
"95","199-255-0","Val-d'Oise","347,153, 349,155, 354,155, 356,153, 357,149, 354,147, 351,147, 344,144, 341,144, 338,142, 337,142, 332,144, 329,144, 324,143, 324,146, 323,149, 325,149, 328,150, 330,149, 332,151, 342,154"
"971","161-161-25","Guadeloupe","80,269, 80,172, 1,172, 1,269"
"972","161-161-125","Martinique","79,362, 79,271, 1,271, 1,362"
"973","161-161-200","Guyane","78,449, 78,365, 3,365, 3,449"
"974","161-161-225","Réunion","78,524, 78,453, 2,453, 2,524"
"975","25-161-161","Saint-Pierre-et-Miquelon","158,130, 158,4, 88,4, 88,130"
"976","125-161-161","Mayotte","81,101, 81,4, 3,4, 3,101"
"977","0-0-0","Saint-Barthélémy",
"978","0-0-0","Saint-Martin",
"986","200-161-161","Wallis-et-Futuna","161,527, 161,465, 160,405, 93,405, 93,464, 81,465, 81,527"
"987","225-161-161","Polynésie française","162,401, 162,306, 83,306, 83,401"
"988","225-225-161","Nouvelle-Calédonie","281,82, 281,7, 197,7, 197,82"
